{"fragments": [{"start": 0, "end": 4.216666666666662, "fragment-type": "normal"}, {"start": 4.216666666666662, "end": 6.716666666666655, "fragment-type": "normal"}, {"start": 6.716666666666655, "end": 8.21666666666665, "fragment-type": "normal"}]}