{"fragments": [{"start": 0, "end": 2.2500000000000027, "fragment-type": "normal"}, {"start": 2.2500000000000027, "end": 7.749999999999985, "fragment-type": "normal"}, {"start": 7.749999999999985, "end": 11.249999999999975, "fragment-type": "normal"}, {"start": 11.249999999999975, "end": 16.216666666666626, "fragment-type": "normal"}]}