{"fragments": [{"start": 0, "end": 0.25, "fragment-type": "normal"}, {"start": 0.25, "end": 6.7166666666666535, "fragment-type": "normal"}, {"start": 6.7166666666666535, "end": 9.216666666666647, "fragment-type": "normal"}, {"start": 9.216666666666647, "end": 10.916666666666643, "fragment-type": "normal"}]}