{"fragments": [{"start": 0, "end": 2.2500000000000027, "fragment-type": "normal"}, {"start": 2.2500000000000027, "end": 5.749999999999992, "fragment-type": "normal"}]}